Date,open,high,low,close,volume
1656633600,0.0660461,0.0681975,0.0655731,0.0675,4238516.40496134
1656640800,0.067734,0.0678822,0.0660461,0.0660751,1511281.09117041
1656648000,0.0659328,0.0660005,0.0641744,0.064837,1343657.5274654
1656655200,0.0646986,0.0664252,0.0645821,0.0661325,7353155.25510638
1656662400,0.0660859,0.0666811,0.0651035,0.0651092,2998338.99176926
1656669600,0.065,0.0655432,0.0638635,0.0647189,7088547.94261966
1656676800,0.0647104,0.0660866,0.0643886,0.0658745,874499.898782
1656684000,0.0656581,0.0657461,0.0647585,0.0649578,10938923.71175711
1656691200,0.0650341,0.0667656,0.0650056,0.066317,2075440.50566238
1656698400,0.066327,0.0663579,0.0657736,0.0663214,520829.44663372997
1656705600,0.0663962,0.0674673,0.0659352,0.0660364,7341420.41823372
1656712800,0.06613,0.0668395,0.0657352,0.0663387,1053763.53446446
1656720000,0.0664021,0.0677362,0.0654734,0.0672274,2443521.53651737
1656727200,0.0672139,0.0674106,0.0659351,0.0663547,7152721.67575568
1656734400,0.0664952,0.0666701,0.066153,0.0666701,897673.27657629
1656741600,0.0664865,0.0670647,0.0664106,0.0664849,622394.51882113
1656748800,0.0664676,0.0672,0.0661899,0.0670647,962054.94694111
1656756000,0.0672153,0.0674,0.0667562,0.067052,1467784.34130762
1656763200,0.0670549,0.0678032,0.0666096,0.066762,1744143.53345004
1656770400,0.0667571,0.0671504,0.0663258,0.0666484,697590.58442846
1656777600,0.0667033,0.0670647,0.0666104,0.0667467,244734.67462042999
1656784800,0.06677,0.0670849,0.0663061,0.0664863,352033.10699451
1656792000,0.0664897,0.0670647,0.0664189,0.0670647,260302.023121
1656799200,0.0669507,0.0673434,0.0664611,0.0665486,1553894.84187118
1656806400,0.0665667,0.0667647,0.0653428,0.0654863,2498869.106701
1656813600,0.0655431,0.0663065,0.0655431,0.0663008,1664748.55354418
1656820800,0.0663008,0.0671133,0.0648831,0.0658621,1712390.97409737
1656828000,0.06588,0.0661974,0.0658372,0.0659538,415975.39045839
1656835200,0.0660192,0.0660192,0.0650346,0.0655462,435897.60396952
1656842400,0.0655205,0.0658389,0.0654931,0.0655018,806512.59650017
1656849600,0.0654932,0.0655893,0.0647889,0.0650865,1923715.93632844
1656856800,0.0650435,0.0655907,0.0649683,0.0652783,1755675.27902968
1656864000,0.0652929,0.0658287,0.0652929,0.0657686,919106.71066731
1656871200,0.0657513,0.0668897,0.0657007,0.0668897,615798.27479004
1656878400,0.0669217,0.0673288,0.0667679,0.0669039,2334624.05714238
1656885600,0.0669498,0.0672159,0.0665902,0.0672159,959706.84987622
1656892800,0.067119,0.0689867,0.067119,0.0675924,13766402.34716899
1656900000,0.0677126,0.0677126,0.0661597,0.0665216,12000240.07987152
1656907200,0.0665169,0.0665381,0.066061,0.0662715,1330726.81187619
1656914400,0.0662228,0.0664747,0.065653,0.0660863,1616074.49248182
1656921600,0.0659996,0.0669305,0.0659539,0.0667118,657668.2536419
1656928800,0.0667916,0.0680172,0.0664211,0.0678874,1371783.10171112
1656936000,0.067966,0.0684098,0.0674922,0.0675364,1208061.6479539
1656943200,0.0675599,0.069,0.0672337,0.0681422,6550067.25491975
1656950400,0.0681372,0.0686615,0.0677829,0.0683397,451275.56313296
1656957600,0.0681686,0.0683915,0.0677877,0.0679083,1058720.94730029
1656964800,0.0679481,0.068681,0.067715,0.0685809,570476.60589775
1656972000,0.0684616,0.0696109,0.0684043,0.0693038,1019919.97656543
1656979200,0.0691862,0.0699184,0.0691139,0.0698277,4208516.43138921
1656986400,0.0697701,0.0697701,0.0685176,0.069344,1067206.14779156
1656993600,0.0693435,0.0697819,0.0689497,0.0693853,1011788.16449322
1657000800,0.0694764,0.0696142,0.0685097,0.068825,1169102.78421309
1657008000,0.0687164,0.0687164,0.066241,0.0666108,1218988.7606142699
1657015200,0.0665302,0.0671248,0.0660292,0.0662231,1769997.79926881
1657022400,0.0661399,0.0663676,0.0654247,0.0658639,2246780.5952764
1657029600,0.0660101,0.0664,0.0655,0.0663133,6635211.28403975
1657036800,0.0663112,0.0669007,0.0661838,0.0667321,5686951.46037577
1657044000,0.0668176,0.0685397,0.0666652,0.0681315,2291353.43763167
1657051200,0.0681418,0.0690605,0.0676845,0.0681255,1281086.61177235
1657058400,0.0681633,0.0681633,0.0669265,0.0670297,770082.54921535
1657065600,0.0672246,0.0677008,0.0662311,0.066529,1503311.53512931
1657072800,0.0665414,0.0670185,0.0661899,0.0670098,1328865.11257643
1657080000,0.0670276,0.067932,0.0670276,0.0674257,554774.13182116
1657087200,0.0674575,0.0679446,0.0669202,0.0674768,665864.51434041
1657094400,0.0678229,0.0678802,0.0672421,0.0675736,506219.34288085
1657101600,0.067607,0.067607,0.0670841,0.0673464,1381129.34988961
1657108800,0.0673464,0.0677465,0.0670024,0.067487,2127136.76790753
1657116000,0.0673995,0.0676646,0.066696,0.066797,1062547.96271584
1657123200,0.0668037,0.0690334,0.0668031,0.068118,14627348.21360121
1657130400,0.0680303,0.0687532,0.067654,0.0680592,3893648.17129614
1657137600,0.0680353,0.0684726,0.0679107,0.0681904,428933.15905428
1657144800,0.068348,0.0691,0.068348,0.0685159,498912.25392729003
1657152000,0.0684057,0.0693192,0.0682005,0.0689028,690652.33288838
1657159200,0.0688945,0.0688945,0.0683943,0.0686683,523784.24510939
1657166400,0.0686496,0.0686874,0.0678895,0.0679722,1151905.74659955
1657173600,0.0679862,0.0683362,0.0679693,0.0683006,1093726.48812335
1657180800,0.0683051,0.0688466,0.0683051,0.0687859,437249.71423464
1657188000,0.0687568,0.0696139,0.0682537,0.0691569,1203687.044269
1657195200,0.0692684,0.06956,0.0688331,0.0694571,671721.78789253
1657202400,0.0694726,0.0707792,0.0692965,0.0699601,2021353.50344869
1657209600,0.0700518,0.0707091,0.0698995,0.0700311,29530798.26825713
1657216800,0.0700479,0.0711814,0.0700479,0.0711779,2715552.6676775
1657224000,0.0711885,0.0711885,0.0701653,0.07034,3354650.37833553
1657231200,0.0705015,0.0707627,0.0700743,0.0706193,1479606.18747127
1657238400,0.0706091,0.0734638,0.070207,0.0721639,4063112.96874485
1657245600,0.0721056,0.0721093,0.0711548,0.0720856,451281.91114381
1657252800,0.0721105,0.0723612,0.0701018,0.070591,1641798.8521801599
1657260000,0.0706507,0.0708289,0.0702441,0.0704667,170933.58040708
1657267200,0.0704404,0.070701,0.0688075,0.0689717,1044358.24775954
1657274400,0.0690069,0.0693873,0.0688281,0.0692425,395458.19576181
1657281600,0.069206,0.0697411,0.0682458,0.06875,1439955.88170729
1657288800,0.0686242,0.070236,0.0685294,0.0700772,1301228.86632949
1657296000,0.070076,0.070076,0.069398,0.0697143,267008.24326147
1657303200,0.0698332,0.0704422,0.0694286,0.0701005,2373770.31932134
1657310400,0.0701434,0.0705409,0.0686092,0.0686871,955621.77600603
1657317600,0.0688945,0.070023,0.0688716,0.0688716,443647.18174873
1657324800,0.0690955,0.0697274,0.0689,0.0690955,1804039.15059835
1657332000,0.0692965,0.0694975,0.0688716,0.0692583,837522.4329945201
1657339200,0.0692571,0.0694975,0.0689796,0.0694631,196988.83068046998
1657346400,0.0694631,0.0699386,0.0693279,0.0699386,291065.61705025
1657353600,0.0698792,0.0698792,0.0695099,0.0696266,508020.36005777004
1657360800,0.0695374,0.07,0.0690955,0.0690955,408495.07991469
1657368000,0.0690033,0.069405,0.0689171,0.0691519,1740117.31003518
1657375200,0.0690593,0.0695987,0.0690593,0.0695295,3520519.26868528
1657382400,0.0694858,0.07,0.0694617,0.0699065,460936.38174516
1657389600,0.0698776,0.070051,0.0692766,0.0697193,252266.70542265
1657396800,0.0696526,0.0699135,0.0695658,0.0696437,1668987.39762383
1657404000,0.0697485,0.0699093,0.0692585,0.069494,208937.25859491
1657411200,0.06934,0.0693676,0.0687631,0.0688841,199611.03373705
1657418400,0.0688667,0.0691535,0.0678042,0.0680532,16073930.36063965
1657425600,0.0680272,0.0685512,0.0676353,0.0683681,1241691.34790183
1657432800,0.0683363,0.0684289,0.0680594,0.06833,572094.5897239901
1657440000,0.0682936,0.0682936,0.0679725,0.0681036,265612.28938184
1657447200,0.0680483,0.0681499,0.0676062,0.0678287,545870.30726505
1657454400,0.0679259,0.0681936,0.0674501,0.0674702,623550.81989476
1657461600,0.0672864,0.0673149,0.06633,0.066724,2310839.86451767
1657468800,0.0666465,0.0669748,0.0662814,0.0666977,12929600.93196047
1657476000,0.0666854,0.0671612,0.0664824,0.0671612,1651209.61245586
1657483200,0.0670186,0.0676082,0.0669804,0.067356,214926.15383986
1657490400,0.0673378,0.0673985,0.0668491,0.0672077,1065159.85902302
1657497600,0.0671018,0.0671018,0.0656106,0.0659331,481871.07665678003
1657504800,0.0660114,0.0663255,0.0656898,0.0660804,302346.68203609
1657512000,0.0660107,0.0660747,0.0652505,0.0652505,799562.25639822
1657519200,0.0652971,0.0653843,0.0646326,0.0651757,3395084.7412043097
1657526400,0.065056,0.0652637,0.0649198,0.0651499,196787.05078781
1657533600,0.0651638,0.0652095,0.064371,0.064371,706459.77784246
1657540800,0.0643076,0.0650005,0.0630925,0.0634579,14268085.75230887
1657548000,0.0633844,0.0639568,0.0632663,0.0639279,556389.44921677
1657555200,0.0638401,0.0644277,0.0638032,0.0644197,468239.48688601
1657562400,0.064378,0.0644723,0.0636296,0.0638774,677568.48249964
1657569600,0.0638774,0.0639267,0.0625202,0.0629819,1427086.49411305
1657576800,0.0629364,0.0629364,0.0612001,0.0617272,4793312.10960984
1657584000,0.0614658,0.0620885,0.061371,0.0618418,345259.00772289
1657591200,0.0619089,0.0624189,0.0618594,0.0621,2406951.97631635
1657598400,0.0620517,0.0630297,0.0620517,0.0626008,1099584.11057993
1657605600,0.0624623,0.0624623,0.0611471,0.0617523,735202.1210230599
1657612800,0.0616139,0.0616139,0.0603712,0.0605635,360304.28968651
1657620000,0.0606234,0.061287,0.0606189,0.0612512,1063628.57418282
1657627200,0.0612911,0.0619437,0.0612911,0.0613555,399555.32128763996
1657634400,0.06129,0.0617976,0.0611357,0.0615257,331895.64094496
1657641600,0.0616037,0.0619,0.0614406,0.0616779,1032171.49173337
1657648800,0.0616545,0.0616545,0.06,0.0601302,1936502.47557697
1657656000,0.0601981,0.0608413,0.0601263,0.0602319,562728.75624125
1657663200,0.0601546,0.0605636,0.0597213,0.0597968,1022692.2543608199
1657670400,0.0598049,0.0601629,0.05906,0.06,3362855.36883621
1657677600,0.0601146,0.0607192,0.0601146,0.060287,939756.40068438
1657684800,0.0603779,0.061028,0.060322,0.0606725,726060.73939756
1657692000,0.0607436,0.0614367,0.0605318,0.0614267,1071071.3649094899
1657699200,0.0614397,0.0617335,0.0612116,0.0615123,130009.67804777999
1657706400,0.0614574,0.0615948,0.0612564,0.0615948,110280.96091254
1657713600,0.0614906,0.062252,0.0574357,0.0589551,6814713.45685407
1657720800,0.0588213,0.0601522,0.0587382,0.0593039,2586126.93051674
1657728000,0.059259,0.0607874,0.0588069,0.0604034,1489834.5330137
1657735200,0.0602941,0.0604523,0.0600502,0.0600691,784336.31693624
1657742400,0.060107,0.0605058,0.0600393,0.0604811,202641.50245798
1657749600,0.0605097,0.0620603,0.0605097,0.0618378,922090.92622714
1657756800,0.0618563,0.0621133,0.0612563,0.0613893,1647592.08982558
1657764000,0.0614446,0.0615171,0.0611357,0.0613683,222740.2602723
1657771200,0.0614773,0.0615391,0.0607489,0.0607609,5979318.10807374
1657778400,0.0607776,0.0607776,0.0603712,0.0605547,1415170.12934966
1657785600,0.0604661,0.0605556,0.0595979,0.0600887,5544406.38009014
1657792800,0.0600971,0.0602228,0.0595979,0.0598107,384914.54548904
1657800000,0.059697,0.0602334,0.0595772,0.0601418,2350592.0821781
1657807200,0.0600629,0.061403,0.0598493,0.0611212,2792486.3627204
1657814400,0.0610596,0.0623512,0.0608067,0.0622867,1026616.3434399901
1657821600,0.0623358,0.0626524,0.0618593,0.0618593,4095533.59856866
1657828800,0.061842,0.062223,0.0617457,0.0617457,281515.6234664
1657836000,0.0617919,0.0627288,0.0617457,0.0623922,473581.50769665
1657843200,0.0623676,0.0630057,0.0616527,0.0630057,5761738.85630843
1657850400,0.063,0.0632324,0.0622016,0.0624623,1457006.36537284
1657857600,0.0624623,0.0626208,0.061993,0.0624933,378031.01957843
1657864800,0.0625544,0.0634164,0.0621321,0.0632226,917467.30342088
1657872000,0.0631576,0.0642713,0.0630817,0.0637748,1079429.70868066
1657879200,0.0637438,0.0637737,0.0631749,0.0632175,794116.07913314
1657886400,0.0633056,0.0639043,0.0629151,0.06295,581945.24146804
1657893600,0.0632663,0.0635259,0.0629568,0.0631183,408925.24875472
1657900800,0.0630644,0.0631375,0.0622943,0.0625718,519441.66645313
1657908000,0.0625719,0.063754,0.0624639,0.063754,609272.23925277
1657915200,0.0637767,0.0640734,0.0629373,0.0633818,1185652.20445344
1657922400,0.0634602,0.063688,0.0627944,0.0629699,472365.5633479
1657929600,0.0630342,0.0630342,0.0623618,0.0626488,398505.34484444
1657936800,0.0626419,0.0627009,0.0622752,0.0626339,608616.27319511
1657944000,0.062497,0.062497,0.062132,0.062132,406940.7771363
1657951200,0.0620603,0.0620603,0.0617766,0.0618288,189072.5878043
1657958400,0.0620224,0.0622247,0.0620224,0.0621274,37029.25754403
1657965600,0.0620112,0.0623109,0.0620112,0.0621607,202434.76200672
1657972800,0.0620603,0.0628822,0.0620319,0.0626941,351908.74181283003
1657980000,0.0626395,0.0632506,0.0626395,0.0632506,168284.8454185
1657987200,0.0632506,0.0648183,0.0632506,0.0641744,5583012.8337159995
1657994400,0.0641755,0.0645432,0.0639293,0.0639346,4674682.30445994
1658001600,0.0639415,0.0642054,0.0636345,0.0640354,925403.8235277999
1658008800,0.0639313,0.0645273,0.0639313,0.0643087,335852.18596221
1658016000,0.06439,0.0647742,0.0637148,0.0638122,556883.84637117
1658023200,0.063763,0.0645444,0.063763,0.0643169,623760.11808564
1658030400,0.0644893,0.0646107,0.0642201,0.0644361,990869.48099449
1658037600,0.0645021,0.0654205,0.0645021,0.0646734,2190579.96151179
1658044800,0.064812,0.0648198,0.0640704,0.0643703,132559.70379427
1658052000,0.0640703,0.0643785,0.0639031,0.0640977,151631.68888046
1658059200,0.0642713,0.0642937,0.0632278,0.0635877,705898.30304663
1658066400,0.0634673,0.0639793,0.0634649,0.0636377,220542.72305563
1658073600,0.0638096,0.0647742,0.0634209,0.0637411,1940837.87810628
1658080800,0.0636273,0.0640839,0.0635756,0.0639634,259983.19951432
1658088000,0.0639553,0.0642656,0.0637258,0.0641904,243136.56608376
1658095200,0.064379,0.064379,0.0629374,0.0629837,1089717.90222077
1658102400,0.0630442,0.0640208,0.0630442,0.064009,897971.01159685
1658109600,0.064069,0.0650454,0.0640097,0.0647493,2074172.5954841499
1658116800,0.0647463,0.0659522,0.064715,0.0659422,2188506.1138322
1658124000,0.0659345,0.0665626,0.0657162,0.0661791,1559936.78426205
1658131200,0.0661541,0.0668766,0.0660038,0.0666935,2123153.43308918
1658138400,0.066579,0.067458,0.0662524,0.0664579,1299603.62006076
1658145600,0.066569,0.067734,0.0657586,0.0674168,1468418.5857420801
1658152800,0.0675013,0.0684852,0.0672922,0.0681461,5332682.68086431
1658160000,0.0679156,0.0688853,0.0666,0.0666,2593992.98403327
1658167200,0.0666,0.0666761,0.0652434,0.0656574,4156666.94337712
1658174400,0.0655577,0.0661183,0.0655504,0.0658063,1204403.06310491
1658181600,0.065854,0.0678729,0.0656738,0.0675401,971052.84855377
1658188800,0.0673694,0.068681,0.0665193,0.0665193,17774599.07535666
1658196000,0.0664638,0.067199,0.0661363,0.0661363,217590.52428741
1658203200,0.0661024,0.0668036,0.0655223,0.0665625,342773.28940222
1658210400,0.0664879,0.0668295,0.0655269,0.0660027,448178.18294332
1658217600,0.0659347,0.0666458,0.0658031,0.0664648,175058.18927457
1658224800,0.0663861,0.067232,0.0663129,0.0668362,639293.0814915299
1658232000,0.0668784,0.0685176,0.0668784,0.0678932,2000548.32578984
1658239200,0.067847,0.0687666,0.0671831,0.0683328,6729890.9352713
1658246400,0.0683357,0.0696476,0.0683202,0.0692523,5376026.00843341
1658253600,0.0690942,0.0702235,0.0688403,0.0690901,2256002.61613985
1658260800,0.0691075,0.0699262,0.0688716,0.0698943,1229010.68259656
1658268000,0.0695996,0.069747,0.0684261,0.0690273,3294567.89542879
1658275200,0.0690968,0.0690968,0.0678,0.0686914,7450376.44797032
1658282400,0.0687272,0.07016,0.0687194,0.0696388,3471451.80009929
1658289600,0.0696322,0.0715745,0.0696322,0.0715745,12020993.87422236
1658296800,0.0715004,0.0764251,0.0713071,0.0753438,4373704.4181141
1658304000,0.0753578,0.0768859,0.0730992,0.0744411,3179304.21820594
1658311200,0.0743969,0.0755109,0.0727982,0.073311,3545518.88319531
1658318400,0.0734791,0.0744742,0.0724113,0.073269,3704502.15455291
1658325600,0.0733353,0.0745956,0.0728172,0.0738518,5647239.30058918
1658332800,0.0738555,0.073956,0.0700673,0.0700896,3718619.31553125
1658340000,0.0701689,0.0716576,0.0701369,0.0712041,1288420.46581023
1658347200,0.0711788,0.0737435,0.0677208,0.0714634,12334398.26793526
1658354400,0.0713456,0.071443,0.069478,0.0700302,4306713.37441296
1658361600,0.0701382,0.0708859,0.0689716,0.0692537,422369.53391068
1658368800,0.0692109,0.0696477,0.0670024,0.0682271,885074.24714198
1658376000,0.0682274,0.068681,0.0675174,0.0685629,1063425.9254906
1658383200,0.068639,0.0691209,0.0684154,0.0688288,512641.1904735
1658390400,0.0687547,0.0691763,0.0683005,0.0690836,272151.85279507
1658397600,0.0691244,0.0692068,0.0678535,0.0683981,89362.99446081
1658404800,0.0683966,0.0693536,0.0683401,0.0688782,3085813.58546153
1658412000,0.0687386,0.0688282,0.0672111,0.0684347,9196082.32668483
1658419200,0.068494,0.0698476,0.0684783,0.0690174,1520810.82224892
1658426400,0.0689883,0.0699071,0.0689883,0.0699071,2114777.52586906
1658433600,0.0699127,0.0702227,0.0697377,0.070076,1783650.12530972
1658440800,0.0700739,0.0701626,0.0692702,0.0699516,679676.27931164
1658448000,0.0699959,0.070868,0.0696,0.0698129,1362960.45366887
1658455200,0.0698291,0.0701058,0.0692941,0.0695455,1580300.7944027
1658462400,0.0695376,0.0701283,0.0689849,0.070121,1427472.40243069
1658469600,0.0701269,0.0705534,0.069752,0.0699093,883603.91993091
1658476800,0.0699538,0.0713389,0.0699538,0.0708939,500718.18572221004
1658484000,0.0710068,0.0714055,0.0707532,0.0711108,1054573.66061964
1658491200,0.0710984,0.0718,0.0697507,0.0697889,10299306.7095606
1658498400,0.0697042,0.0702047,0.0683324,0.0685718,4318256.04985059
1658505600,0.0685493,0.0688245,0.0678535,0.0680003,414705.41632292
1658512800,0.0681247,0.0687502,0.0667545,0.0669195,1770400.5080222199
1658520000,0.0669195,0.0677261,0.066866,0.0676911,1249292.2843725
1658527200,0.0674802,0.0678537,0.0670208,0.0675961,2734687.6124069598
1658534400,0.0675453,0.0682782,0.0669219,0.0682515,572337.23474292
1658541600,0.0681165,0.0685486,0.0681165,0.0681768,769855.69139733
1658548800,0.0682273,0.0692068,0.0682273,0.0691971,1022068.36691515
1658556000,0.0689612,0.0694363,0.0686186,0.0687346,673845.71562475
1658563200,0.0689556,0.069128,0.068,0.0683816,4154890.6339527
1658570400,0.0684947,0.0686314,0.0663748,0.0664123,13871558.49847649
1658577600,0.0664162,0.06745,0.06619,0.0674385,1121187.62732453
1658584800,0.06745,0.0675583,0.066762,0.0675583,1571326.24688654
1658592000,0.0673606,0.0675734,0.0663748,0.0664368,563269.58856825
1658599200,0.0664173,0.0668562,0.065986,0.06685,626656.6525186
1658606400,0.0669748,0.067539,0.0669748,0.0671778,531098.64459941
1658613600,0.0674233,0.0682047,0.0673932,0.0679812,757346.42072743
1658620800,0.06811,0.0684716,0.0678535,0.0678546,141084.49703477998
1658628000,0.0680738,0.0688,0.0677109,0.0677816,12183981.55882841
1658635200,0.0677374,0.068885,0.0677165,0.0686888,740586.67864291
1658642400,0.0686924,0.068946,0.0685647,0.0686932,1891596.03297932
1658649600,0.0686526,0.068694,0.0682279,0.0683752,1077446.14835518
1658656800,0.0683779,0.0688496,0.0678535,0.0685509,489182.36333581
1658664000,0.0685032,0.0685859,0.0678535,0.0679878,454325.06873798
1658671200,0.0680524,0.0687592,0.0679977,0.0686155,1611895.22656805
1658678400,0.0684806,0.0684806,0.0680167,0.0682792,1346929.92023358
1658685600,0.0682619,0.0683877,0.0678535,0.0679929,342003.21088287
1658692800,0.067972,0.0686139,0.0679449,0.0685557,192917.47781316002
1658700000,0.0685383,0.0687676,0.0673682,0.0677482,243158.82215013
1658707200,0.0675461,0.0679428,0.065,0.0653414,27608246.20258305
1658714400,0.0653344,0.0654474,0.0641744,0.0645473,1600837.86133293
1658721600,0.0645196,0.06516,0.0641763,0.065005,2101324.42761993
1658728800,0.0651576,0.0652763,0.0648329,0.0652209,116277.55180269999
1658736000,0.0651959,0.0656494,0.0649699,0.0652235,2065716.54566748
1658743200,0.0651645,0.0655462,0.0651035,0.0652023,1275917.24208723
1658750400,0.0651035,0.0652447,0.0646137,0.0650764,1281304.61897559
1658757600,0.0649768,0.0649938,0.0642283,0.0648965,2641460.05345254
1658764800,0.0648978,0.0651617,0.064689,0.0647751,952552.1967944
1658772000,0.0647473,0.0650172,0.0632585,0.0638005,1172835.70886629
1658779200,0.0638785,0.0647742,0.0638785,0.0645426,1902655.48330247
1658786400,0.064494,0.064494,0.0617748,0.0619303,2343868.44160606
1658793600,0.0618548,0.062127,0.0613011,0.0616784,2454367.64731151
1658800800,0.0616829,0.0619437,0.0611981,0.0616903,1393459.72125029
1658808000,0.0616803,0.0620549,0.0616335,0.0618267,1633748.9813834
1658815200,0.0618585,0.0618616,0.0612696,0.061313,238675.52715768002
1658822400,0.0613894,0.0618738,0.0613278,0.0618738,71313.73308366
1658829600,0.0618738,0.0619437,0.0611357,0.0616617,1567844.2216368301
1658836800,0.0616176,0.06199,0.0606723,0.060972,6845836.30348858
1658844000,0.0609157,0.0610773,0.0601001,0.0602839,5830478.74739966
1658851200,0.0602414,0.0612091,0.0602105,0.0608123,1280561.31190648
1658858400,0.0608124,0.0610461,0.0602531,0.0607817,1605004.87019426
1658865600,0.0608965,0.0617013,0.0606898,0.0612634,1359293.31284319
1658872800,0.0612388,0.0625682,0.0612388,0.0625682,767772.2738263101
1658880000,0.0625869,0.0626947,0.0622244,0.0622608,3783117.30582294
1658887200,0.0622458,0.06233,0.0618297,0.0618559,2263003.74626959
1658894400,0.061896,0.06297,0.0618339,0.0628757,2611651.12613885
1658901600,0.0628747,0.0631861,0.0625544,0.0627231,1057989.81325384
1658908800,0.0627898,0.0629069,0.0623172,0.0623172,1809335.01540386
1658916000,0.0623214,0.0626541,0.062054,0.0621114,1341324.07005633
1658923200,0.0621113,0.0632324,0.0620418,0.0631612,3338998.91219689
1658930400,0.0631397,0.0631469,0.0626723,0.0628791,300816.44046812
1658937600,0.0629576,0.0636595,0.0624398,0.0628744,2879417.26747709
1658944800,0.0631861,0.0658706,0.0631861,0.0655229,2324639.19382141
1658952000,0.0656164,0.0658838,0.0652732,0.0653669,1239656.43669422
1658959200,0.0654328,0.067212,0.0654328,0.0671378,2043154.0092032
1658966400,0.0672159,0.0672159,0.0659003,0.0660777,1003542.51750363
1658973600,0.0660635,0.0673308,0.0658895,0.0667331,2571746.85593463
1658980800,0.0667401,0.0668065,0.0663562,0.0667125,826675.47061411
1658988000,0.0668092,0.0672159,0.0663266,0.0663826,1170358.4609371
1658995200,0.0665444,0.0668356,0.06568,0.0664501,1088812.40541706
1659002400,0.0664536,0.0669646,0.0664119,0.0669646,1344378.19880224
1659009600,0.0668981,0.0668981,0.0652878,0.0655422,2485174.5919914
1659016800,0.0655922,0.0684999,0.0654028,0.0681049,2339409.70956318
1659024000,0.0681163,0.0697819,0.0679857,0.0697819,2558839.03435993
1659031200,0.0695378,0.0699549,0.0686563,0.0699225,2100523.58513761
1659038400,0.0699999,0.0708132,0.0693301,0.0696473,12623606.37513021
1659045600,0.0697018,0.069799,0.0687921,0.069104,2035505.4474368
1659052800,0.0691469,0.0698811,0.0683104,0.0691919,1553027.2322112
1659060000,0.0693192,0.0719535,0.0691514,0.0717955,2792314.58694332
1659067200,0.071537,0.0719661,0.0707658,0.0716364,2201941.12858688
1659074400,0.0715428,0.0723573,0.0696155,0.0700937,1352724.42894342
1659081600,0.0700384,0.0706844,0.0692922,0.0706844,1422259.93581702
1659088800,0.0706844,0.0714506,0.0685305,0.0688833,1851804.10337291
1659096000,0.0688868,0.0690424,0.0672436,0.0686486,5447763.5403952
1659103200,0.0686119,0.07,0.0686053,0.0691177,2134500.26763948
1659110400,0.0688716,0.0688716,0.0674,0.0682723,2179667.10883361
1659117600,0.0682151,0.0693973,0.0682151,0.069,803939.60180797
1659124800,0.069,0.0699556,0.0685416,0.0690883,1008502.66195111
1659132000,0.0690831,0.0703484,0.0685305,0.0689472,441312.57456367003
1659139200,0.068913,0.0700284,0.0683005,0.069427,2249761.43447144
1659146400,0.0693677,0.0693742,0.0685305,0.0688416,645175.09971698
1659153600,0.0688223,0.0689283,0.0681036,0.0689283,1622531.80070329
1659160800,0.0689283,0.0698139,0.0688293,0.0698139,1006852.38835308
1659168000,0.0698397,0.0744698,0.0698397,0.0722527,4247770.70127336
1659175200,0.072271,0.0723556,0.0707771,0.0716619,1746542.1997642699
1659182400,0.0717969,0.0724853,0.0714377,0.0720825,3041318.96928746
1659189600,0.0720234,0.0727738,0.0708094,0.0723994,2387967.51496485
1659196800,0.0723653,0.0730558,0.0719126,0.0724486,577524.11655098
1659204000,0.072408,0.0726196,0.069774,0.0704785,32791709.62190712
1659211200,0.0705071,0.0707458,0.0697698,0.0698078,2703295.93114296
1659218400,0.0698045,0.0698045,0.0685991,0.069575,3172467.83047287
1659225600,0.069575,0.0701959,0.0690493,0.0698945,640781.12994577
1659232800,0.0700564,0.0705469,0.0698467,0.0703791,429154.88999106
1659240000,0.0705905,0.0715357,0.0702529,0.0702529,4650397.02325729
1659247200,0.070254,0.0712553,0.0702529,0.0704686,103505.92979878
1659254400,0.070496,0.0706357,0.0692049,0.070169,373087.98459675
1659261600,0.0701705,0.0708926,0.0701705,0.0705332,107088.25515121
1659268800,0.0704769,0.0711441,0.0699119,0.0704055,1743794.25803188
1659276000,0.0703608,0.0707097,0.0697213,0.07058,1516465.34888077
1659283200,0.0705977,0.0713069,0.0704565,0.07099,1332092.50221575
1659290400,0.071029,0.0721755,0.0693248,0.0707135,1404731.08859157
1659297600,0.0707487,0.0708703,0.069836,0.0699391,373336.51192484
1659304800,0.0698473,0.0698473,0.0678,0.0681396,2404822.26129282
1659312000,0.0679726,0.0697143,0.0679726,0.0697143,3119183.51567508
1659319200,0.0697488,0.0713337,0.0693869,0.0700284,2536010.99324037
1659326400,0.07006,0.0705468,0.0692049,0.0697061,226209.12122945001
1659333600,0.0694837,0.0696252,0.0685991,0.0694363,415654.99771967
1659340800,0.0694885,0.0694885,0.0689969,0.0691972,64843.301584730005
1659348000,0.0691349,0.0691349,0.0677035,0.0685164,598171.10354122
1659355200,0.0686444,0.0688924,0.0676322,0.068661,504301.64713001
1659362400,0.0688853,0.0695437,0.0686025,0.0691266,1004846.67341071
1659369600,0.0689176,0.069269,0.0668526,0.0676631,14399214.24092056
1659376800,0.0675598,0.0678418,0.0672694,0.0676639,1683190.0350212
1659384000,0.0676819,0.0684087,0.0676819,0.0679919,934753.59137944
1659391200,0.0681158,0.0688177,0.0674977,0.0687208,879845.6372805
1659398400,0.0683912,0.0690312,0.0671953,0.0674988,988205.45908604
1659405600,0.0674093,0.0676966,0.0658029,0.0659971,1761335.87402034
1659412800,0.065916,0.0663306,0.0653983,0.0661847,912551.69503553
1659420000,0.0661229,0.0666664,0.0660944,0.0666156,698630.0213419
1659427200,0.0665618,0.0665618,0.0655815,0.0660124,1542023.67861827
1659434400,0.0659004,0.0668752,0.0659004,0.0668752,830723.40096054
1659441600,0.0666072,0.0667519,0.0659205,0.0664025,3184238.84298782
1659448800,0.0664007,0.0675233,0.0658621,0.0673534,549939.7416982
1659456000,0.0673896,0.0684098,0.0673896,0.0675732,11032333.21625134
1659463200,0.0676,0.0679471,0.0668534,0.0671745,1363307.52951905
1659470400,0.0671064,0.067458,0.0669178,0.067458,257144.75062345
1659477600,0.0673099,0.0674872,0.0664638,0.0665285,1073149.1149807
1659484800,0.0665226,0.0668015,0.065097,0.0660189,14382434.459807111
1659492000,0.0659835,0.0664903,0.0656569,0.066454,808159.41718857
1659499200,0.0664952,0.0671145,0.0664917,0.0670893,817633.28071966
1659506400,0.06713,0.0674339,0.0669681,0.0669681,1833992.44317578
1659513600,0.0669683,0.0679874,0.0669683,0.0678082,3743659.74761189
1659520800,0.0677973,0.0680984,0.0677,0.0678216,958625.69741863
1659528000,0.0679507,0.0683973,0.0676304,0.0679161,3595841.52574465
1659535200,0.0679,0.0680777,0.0674315,0.0679313,593568.04531717
1659542400,0.0678926,0.0682,0.0675376,0.0678511,1712683.7262232201
1659549600,0.0678,0.0681599,0.0677679,0.0679327,166855.1466516
1659556800,0.0678977,0.0678977,0.067538,0.0675742,844089.96542965
1659564000,0.0675174,0.0675174,0.0657582,0.0662,6711296.00834058
1659571200,0.0661999,0.0673365,0.0661448,0.0669781,3817321.07259393
1659578400,0.0669725,0.067349,0.066871,0.0670269,420185.57347077003
1659585600,0.0673,0.0675,0.0671807,0.0673932,2037229.04053726
1659592800,0.0673263,0.0675282,0.0663,0.0667662,589470.72345009
1659600000,0.0667505,0.0667999,0.066397,0.0667594,72253.01076725
1659607200,0.0667546,0.0668843,0.0664645,0.0664675,3992154.12552894
1659614400,0.0664391,0.0671,0.06618,0.0671,1259507.73324876
1659621600,0.0670187,0.0670187,0.0662839,0.0668322,2785476.22322372
1659628800,0.0669,0.0671456,0.065747,0.066323,767350.14342107
1659636000,0.06625,0.0666933,0.0659,0.0662897,113118.42386307
1659643200,0.0662099,0.0668,0.0662099,0.0664773,1018625.2147152299
1659650400,0.0664143,0.0675262,0.0663709,0.0673526,514000.46710574
1659657600,0.0675236,0.0679,0.0672357,0.0679,5283143.933664
1659664800,0.0679446,0.0684847,0.0678162,0.0684796,2885281.03849755
1659672000,0.0684911,0.0685565,0.0679123,0.0682886,952607.85624329
1659679200,0.0684,0.0697488,0.0684,0.0690274,1224806.08357723
1659686400,0.0691114,0.0695247,0.0689219,0.0694431,801511.71421955
1659693600,0.0695291,0.0701144,0.0693136,0.0700159,776241.86304825
1659700800,0.0701291,0.0703,0.0681736,0.0687376,3976894.87687345
1659708000,0.0687436,0.0694399,0.0683734,0.0685872,1993171.71216424
1659715200,0.0685652,0.0689888,0.0683001,0.0686434,1131256.45064163
1659722400,0.0686096,0.0690653,0.0685,0.0689754,699309.52863036
1659729600,0.069017,0.0698322,0.0690116,0.0694383,1436424.96184281
1659736800,0.0694735,0.069947,0.0693674,0.0697986,1072437.19361517
1659744000,0.0698964,0.0708321,0.0690124,0.0703461,1557410.66436727
1659751200,0.0706612,0.0712365,0.0698159,0.0700171,941569.83179807
1659758400,0.0700171,0.0704,0.0696177,0.0699677,2028290.19597174
1659765600,0.0699241,0.0699241,0.0696497,0.0698544,53769.54557938
1659772800,0.0699046,0.0701,0.0693745,0.069656,514093.22277876997
1659780000,0.0696436,0.0701074,0.0696418,0.0696487,197724.86514779
1659787200,0.0697947,0.0700824,0.0697014,0.069808,225262.55865583
1659794400,0.0698217,0.0699927,0.0697056,0.0698091,480479.96508162
1659801600,0.0697636,0.0701291,0.0688,0.0692055,376074.15286344
1659808800,0.0692452,0.0694592,0.069208,0.0694264,1109789.41897876
1659816000,0.0694372,0.0694641,0.069,0.069314,1104849.20238331
1659823200,0.0692906,0.0693553,0.0685,0.0686407,340988.64602597
1659830400,0.068687,0.0689958,0.0674187,0.0681524,1707930.88933126
1659837600,0.0680964,0.0684287,0.0680964,0.0683911,266226.47867017
1659844800,0.0683787,0.0686491,0.0683309,0.0685168,80073.55628114
1659852000,0.0686118,0.0687,0.0685918,0.0687,24069.11598761
1659859200,0.0685045,0.0685045,0.0683,0.0684118,6445.21750239
1659866400,0.068428,0.0689,0.0683873,0.0689,63875.46502349
1659873600,0.0689282,0.0692317,0.0689276,0.0691786,366340.63156037
1659880800,0.0692296,0.0692388,0.0689915,0.0690511,510051.90982003
1659888000,0.068945,0.0698554,0.0688899,0.0698554,1046712.63628467
1659895200,0.0697343,0.0697353,0.0693368,0.0694381,906875.68885158
1659902400,0.0694381,0.0700587,0.0694263,0.0696285,3483723.25017206
1659909600,0.0696266,0.0696366,0.0687,0.0689605,502813.74221536
1659916800,0.0689658,0.0697767,0.068937,0.0692843,1016010.04792218
1659924000,0.0692545,0.0702592,0.0692545,0.0698833,5936629.37133102
1659931200,0.0699147,0.0703917,0.0698,0.0702367,4408732.08129675
1659938400,0.0703277,0.0709756,0.0703253,0.0706063,634524.53356965
1659945600,0.0707395,0.0715516,0.070392,0.0707743,1655198.86969486
1659952800,0.0708,0.0710825,0.0707429,0.0710825,205978.64976205002
1659960000,0.0710218,0.0725145,0.0704,0.072107,1985087.07877207
1659967200,0.0721142,0.0721835,0.0699489,0.0703537,1995767.54652835
1659974400,0.0703867,0.0703867,0.0695305,0.0702477,9192615.41137424
1659981600,0.0702285,0.0702412,0.0697,0.0700727,574860.8923579
1659988800,0.0701548,0.0707489,0.0698312,0.0700351,913936.22675681
1659996000,0.0701112,0.0703063,0.0691,0.0700565,498602.50898791
1660003200,0.0700855,0.0706,0.0697,0.0699746,333391.95022608
1660010400,0.0700346,0.0707932,0.069857,0.0706668,547772.11460086
1660017600,0.0706201,0.0716266,0.0705492,0.0715147,1519742.03246047
1660024800,0.0713431,0.0741937,0.0709136,0.0731545,7150065.30430513
1660032000,0.0731999,0.073271,0.0709681,0.0714801,8710260.616134
1660039200,0.0714489,0.0716893,0.0694949,0.0698676,3267591.43377504
1660046400,0.0697404,0.0705893,0.069149,0.069149,11199096.16367212
1660053600,0.0692242,0.0693731,0.0677676,0.0687568,7135147.62088159
1660060800,0.0686,0.0691213,0.0686,0.0689173,1550099.83391251
1660068000,0.0689009,0.0689009,0.0684358,0.0684856,606859.82362218
1660075200,0.0685071,0.0694254,0.0685071,0.0693967,685032.9691516
1660082400,0.0694227,0.0695437,0.0689001,0.0690281,1208690.2617623599
1660089600,0.0689,0.0689993,0.0668,0.0681258,4117498.9616499
1660096800,0.0680497,0.068244,0.0674449,0.0678882,304160.1899494
1660104000,0.0679096,0.0683505,0.0678901,0.0681099,345627.71292006003
1660111200,0.0680571,0.0682498,0.0676,0.0681642,388978.26268630003
1660118400,0.0681875,0.0685363,0.0681364,0.0683785,397855.80309021
1660125600,0.0683354,0.0687174,0.0680713,0.0686874,941110.52645169
1660132800,0.0687004,0.0713831,0.0684834,0.0706473,8935449.74515695
1660140000,0.0706473,0.0714906,0.0704733,0.0711871,2189294.10096191
1660147200,0.0712112,0.0713346,0.0705,0.0707181,2683638.6601342
1660154400,0.0707802,0.0708254,0.0698008,0.0701475,3209988.91254721
1660161600,0.0701538,0.0712835,0.0701538,0.0710732,1736154.86887326
1660168800,0.0711081,0.0714,0.0707212,0.0712443,5842225.02460155
1660176000,0.0712536,0.072522,0.0712388,0.0721111,4631932.7542018
1660183200,0.0721337,0.0721908,0.0712,0.0718624,2246727.43396467
1660190400,0.0718862,0.0725076,0.0717155,0.0719971,1117594.34403487
1660197600,0.0720776,0.0723514,0.071,0.0712956,1285993.25946117
1660204800,0.0712685,0.0716807,0.0712147,0.0712985,2043571.04113837
1660212000,0.0713506,0.0720205,0.0710446,0.0718293,762774.66456152
1660219200,0.0717667,0.0755497,0.0717667,0.0731145,7888427.22860444
1660226400,0.0732787,0.0735,0.0712561,0.0714608,3109104.47250369
1660233600,0.0715022,0.0720279,0.0714687,0.0715755,1737507.03930632
1660240800,0.0716517,0.0716517,0.0708094,0.0713839,1835191.75149427
1660248000,0.0714828,0.0716637,0.071,0.0713987,2096111.61234622
1660255200,0.071253,0.0712822,0.070414,0.0708816,1326015.60033212
1660262400,0.0709,0.0711146,0.0698996,0.0709612,1212927.15695283
1660269600,0.0708838,0.0714711,0.0705422,0.0713829,1216492.4394266899
1660276800,0.0713433,0.0713433,0.0710217,0.0710674,507066.4467126
1660284000,0.071143,0.0711548,0.0707714,0.070996,857271.21355744
1660291200,0.0709554,0.0718,0.0709554,0.0718,494917.63887418
1660298400,0.0717675,0.07234,0.0697522,0.0700745,1945540.97672589
1660305600,0.0700942,0.0709389,0.0700734,0.0706066,642855.38570397
1660312800,0.0705,0.0712588,0.0703,0.0709892,1735504.34161706
1660320000,0.0709719,0.0711832,0.0708,0.0711261,878215.96991429
1660327200,0.0712,0.0720091,0.0710902,0.0716597,1342392.71637633
1660334400,0.0716554,0.0721455,0.0715361,0.0716634,1594804.4257066
1660341600,0.0716862,0.0729277,0.07155,0.0723223,7023546.45935892
1660348800,0.0723535,0.0732711,0.071954,0.0730024,1101438.81565056
1660356000,0.0730339,0.0734227,0.0726365,0.0731035,7758029.36792431
1660363200,0.0730417,0.0749,0.0725768,0.0747891,5073403.24877348
1660370400,0.0747891,0.08,0.0734,0.0734,11636087.55570208
1660377600,0.0734002,0.0737476,0.0726743,0.0734009,7186668.11977647
1660384800,0.073401,0.073401,0.0724963,0.0729747,606233.6414258099
1660392000,0.0729342,0.0733829,0.0727885,0.0730348,1153288.33019568
1660399200,0.0730897,0.0736,0.0730897,0.0733126,1574756.36724741
1660406400,0.0733167,0.0746,0.0733167,0.0740094,2050620.63573744
1660413600,0.0740095,0.0740403,0.0732262,0.0732262,467768.81672695
1660420800,0.0732,0.0737051,0.0729285,0.0732553,1630568.61494909
1660428000,0.0732914,0.0735514,0.0726641,0.0729056,324940.20706052997
1660435200,0.0729103,0.0742543,0.0726848,0.074031,382740.1775687
1660442400,0.0740448,0.074464,0.0736644,0.0742431,786764.32390604
1660449600,0.0741915,0.0777679,0.0741915,0.0770339,4583567.52471591
1660456800,0.0772655,0.0782226,0.0766245,0.0768003,4696049.33610036
1660464000,0.0769058,0.0807443,0.0766503,0.0790094,12373541.97586018
1660471200,0.0790093,0.0795,0.0777878,0.0779914,11987033.16413442
1660478400,0.0781123,0.0783285,0.0768199,0.0772608,12218942.31684134
1660485600,0.0773151,0.0814508,0.0772022,0.0810503,7523343.15424136
1660492800,0.0810515,0.0846119,0.0789325,0.0789325,25070859.6626537
1660500000,0.0787803,0.080791,0.0783606,0.0801841,4130790.73126032
1660507200,0.0800941,0.0813183,0.0796183,0.08,12960377.73211076
1660514400,0.0801292,0.082486,0.0794643,0.0817001,4236955.35186576
1660521600,0.0817234,0.082,0.0797539,0.0808467,5183112.96981838
1660528800,0.0807298,0.0821047,0.08,0.0804387,5741003.16665227
1660536000,0.0804937,0.0804937,0.0787803,0.079292,6486121.70441975
1660543200,0.0791635,0.0791635,0.0759614,0.0759635,9048273.79266266
1660550400,0.0759604,0.0761721,0.075,0.0761516,4333625.8721677
1660557600,0.0760758,0.0766039,0.0754161,0.0756665,1079158.41214191
1660564800,0.0757204,0.0769409,0.0747606,0.0768887,2007841.96349097
1660572000,0.0767729,0.0774921,0.0761172,0.0774239,1319668.30956724
1660579200,0.0773722,0.0785136,0.0771446,0.0778098,2718603.90491022
1660586400,0.0778018,0.0785269,0.0769575,0.0769575,2863153.89735121
1660593600,0.0770833,0.0776272,0.0766154,0.0769622,1531788.55596215
1660600800,0.0769907,0.0776782,0.0754397,0.076696,2867921.35138093
1660608000,0.0766423,0.0803017,0.0762431,0.0786955,2496484.0204351
1660615200,0.0786953,0.0797594,0.0771141,0.0794042,16656703.1369105
1660622400,0.0794043,0.08099,0.0784616,0.0790458,6902600.91302061
1660629600,0.0790796,0.0818459,0.0788382,0.0818161,4075083.66257847
1660636800,0.0818507,0.0885969,0.0814129,0.0880025,13533744.86475886
1660644000,0.0878786,0.089,0.0856308,0.0857449,12591822.11735005
1660651200,0.0859914,0.0881206,0.0858876,0.0875815,8426140.35717345
1660658400,0.0876543,0.0897299,0.0837531,0.0845331,25040550.07297076
1660665600,0.0844599,0.0857563,0.0834833,0.0851765,26936842.83690623
1660672800,0.0852259,0.0858,0.0839,0.0850997,6811222.74702797
1660680000,0.0850248,0.0868,0.0848833,0.0859467,3512510.27735198
1660687200,0.0858655,0.0878755,0.0849346,0.0870405,5385829.86886004
1660694400,0.086845,0.0879,0.0847402,0.084906,1625515.07966847
1660701600,0.0849435,0.0855899,0.0844962,0.0850456,939381.77449254
1660708800,0.0850456,0.0873065,0.0848735,0.0871099,5345737.24250395
1660716000,0.08725,0.0890216,0.0841952,0.0841952,6639548.7173769
1660723200,0.0841632,0.0849148,0.08347,0.084706,3577553.94622379
1660730400,0.0846,0.0846,0.0832766,0.0837603,6748315.83062431
1660737600,0.0838582,0.0840937,0.0815384,0.0819894,17743872.46467618
1660744800,0.0819528,0.0823927,0.0805403,0.0812974,36721786.78119672
1660752000,0.0812708,0.0831193,0.0809494,0.0828475,5348986.53646758
1660759200,0.0829821,0.083512,0.0815941,0.0817976,4176543.64016801
1660766400,0.0817928,0.0823566,0.0794511,0.0802015,5322180.17178089
1660773600,0.0801763,0.0805876,0.0797677,0.0801151,668359.13848519
1660780800,0.0801711,0.0814696,0.0797,0.0814696,1179437.2259555701
1660788000,0.0811277,0.0814419,0.0804591,0.0808263,1758517.51365754
1660795200,0.0809023,0.081483,0.0798092,0.0813357,1630901.7585536
1660802400,0.0809265,0.0822039,0.0809265,0.0812251,2698277.7521833098
1660809600,0.0812924,0.0814501,0.0804925,0.0813183,1469331.07681237
1660816800,0.0812989,0.081427,0.080363,0.0807335,2114189.83066309
1660824000,0.08076,0.0818,0.08076,0.0808237,5462663.83967763
1660831200,0.0807298,0.0812031,0.0802,0.0810963,5662002.24666618
1660838400,0.0810097,0.0810829,0.0776644,0.0777034,3852922.07333358
1660845600,0.0775864,0.0784634,0.0775864,0.0779263,2795695.97913585
1660852800,0.077919,0.07832,0.0772,0.0776815,2298215.58090939
1660860000,0.077661,0.0778575,0.0727765,0.0746323,4100948.03868573
1660867200,0.0747567,0.0752148,0.072166,0.0726237,6990461.41490273
1660874400,0.0726981,0.074105,0.0723628,0.0739248,3362775.23852007
1660881600,0.0737847,0.0744464,0.0735878,0.0742186,1507963.94234783
1660888800,0.0741256,0.0742899,0.0685,0.0705,14618606.76335756
1660896000,0.070414,0.070414,0.0690908,0.0697919,4594960.53643965
1660903200,0.0697304,0.0698976,0.0676001,0.068879,10120385.57584182
1660910400,0.0688398,0.0693801,0.0679725,0.0690052,1984468.8881417
1660917600,0.0689641,0.069705,0.068652,0.0692405,1826444.95865609
1660924800,0.0692152,0.0712551,0.0690875,0.0700134,3574555.04935937
1660932000,0.069975,0.0701236,0.0686198,0.0697268,2202298.27728164
1660939200,0.0695745,0.069792,0.067457,0.0678573,1757085.51576196
1660946400,0.0678649,0.0692945,0.0671,0.0679367,3822817.91322531
1660953600,0.0677692,0.0697488,0.0677692,0.0691441,2112378.68352137
1660960800,0.0689856,0.0696885,0.0689856,0.069445,1092738.9948066701
1660968000,0.0695225,0.0703597,0.0692671,0.0697895,640784.47773543
1660975200,0.0698183,0.0711,0.0698183,0.0705733,714854.49927886
1660982400,0.0706094,0.0706094,0.0700853,0.0704779,441308.32761045
1660989600,0.0703917,0.0703917,0.0697896,0.0700501,128375.39421335
1660996800,0.0699357,0.0704302,0.0696913,0.0700994,266117.84122322
1661004000,0.0702344,0.0702938,0.0690277,0.0696179,299015.84846703
1661011200,0.0695358,0.0696754,0.0682834,0.0687103,818967.53720635
1661018400,0.0687191,0.0690863,0.067682,0.0686689,741277.32459856
1661025600,0.0685738,0.0702893,0.0681911,0.0697646,1361153.99355342
1661032800,0.0699576,0.0700319,0.0689903,0.0694284,268129.75232528
1661040000,0.0692748,0.0700117,0.0688269,0.069695,148928.91141259
1661047200,0.069521,0.069545,0.0684219,0.0684219,287137.45175057
1661054400,0.0684552,0.068847,0.068431,0.0687028,752604.0999987
1661061600,0.0686053,0.0686358,0.0674719,0.0686358,182598.65790872
1661068800,0.0686461,0.0699398,0.0686461,0.0697126,266084.4121925
1661076000,0.0696308,0.0696801,0.0693124,0.0696731,586415.16415462
1661083200,0.0697704,0.0702069,0.0689566,0.0691165,513453.84894211
1661090400,0.0690001,0.0694069,0.0686631,0.0692443,961193.88654034
1661097600,0.0692144,0.0696754,0.0688281,0.0691976,789599.6269586199
1661104800,0.0690394,0.0696321,0.0690009,0.0694144,546066.53891911
1661112000,0.0694797,0.0707427,0.0693183,0.0701439,1669452.6883807
1661119200,0.0700476,0.0700476,0.0682834,0.0692792,815463.52799432
1661126400,0.0693432,0.0693432,0.0684774,0.0686528,476111.39900058
1661133600,0.0687144,0.0689726,0.0682718,0.0683162,1525386.7248398599
1661140800,0.0683116,0.0686697,0.0679588,0.0685988,124302.07490144999
1661148000,0.0683191,0.0683844,0.0658999,0.0658999,3099268.02599043
1661155200,0.066038,0.0662567,0.0652902,0.0662169,3699883.73895576
1661162400,0.0661785,0.0670956,0.0661453,0.0666968,912641.3951771699
1661169600,0.0666676,0.0669748,0.0658,0.0668139,1038471.69313111
1661176800,0.0665831,0.0674384,0.0661633,0.0673,432887.32690057
1661184000,0.0674404,0.0676388,0.066781,0.066781,328345.81915977
1661191200,0.0669485,0.0669485,0.0660461,0.0665683,1164183.44451499
1661198400,0.0667455,0.0678185,0.0667455,0.0671811,1488485.69294809
1661205600,0.067184,0.0683814,0.067184,0.0683814,1843504.35159178
1661212800,0.0683859,0.0688528,0.0683238,0.0685127,956006.53295845
1661220000,0.0685528,0.0689297,0.0684388,0.068599,699449.1395738
1661227200,0.068566,0.068636,0.0671027,0.0671286,1015419.0098051099
1661234400,0.0670053,0.0679446,0.0669431,0.0679446,1670225.07868049
1661241600,0.068014,0.0687245,0.0678537,0.0686999,1502579.84797434
1661248800,0.0685198,0.0686426,0.0679725,0.0686426,509058.68270078
1661256000,0.068637,0.0690924,0.0680694,0.068798,460853.17535996
1661263200,0.0689283,0.0692436,0.0682872,0.0686185,324890.33222821
1661270400,0.0686,0.0686,0.0679725,0.0679725,4088083.77726619
1661277600,0.0679544,0.0689283,0.0679087,0.0682659,404157.81320002
1661284800,0.0683076,0.0685962,0.0681765,0.0685962,591281.70363944
1661292000,0.0686764,0.0690481,0.0684646,0.0687972,254254.75334144
1661299200,0.0687855,0.0690924,0.0671471,0.0672618,2274291.83945879
1661306400,0.0673315,0.0676692,0.0671027,0.0672283,747916.23907705
1661313600,0.0672937,0.0680256,0.0671806,0.067866,1293362.51846945
1661320800,0.0678532,0.0680211,0.067107,0.0673533,1257593.24324058
1661328000,0.0673258,0.067855,0.0673258,0.0676176,1013646.93592899
1661335200,0.0675684,0.0680931,0.0674513,0.0680931,1128212.96273334
1661342400,0.0681135,0.0681816,0.0677561,0.067836,198459.44490616999
1661349600,0.067934,0.0689546,0.0676925,0.068865,831591.42130914
1661356800,0.069,0.06956,0.0687687,0.0689679,4841736.83784431
1661364000,0.0691481,0.0695607,0.069121,0.0691993,735126.47629019
1661371200,0.0691444,0.069347,0.0686,0.0686731,902796.24100587
1661378400,0.0686423,0.0687291,0.0676728,0.0678372,957604.76868737
1661385600,0.068,0.0687634,0.067889,0.0685213,511211.44640722
1661392800,0.0684572,0.0686931,0.0680803,0.0682756,383298.63999889
1661400000,0.068319,0.068556,0.068319,0.0684889,47935.11023413
1661407200,0.0686735,0.0694169,0.0686735,0.0690782,77364.16650221
1661414400,0.0692169,0.0693512,0.0687108,0.0687543,210483.59123436
1661421600,0.069054,0.0717703,0.0689593,0.0710325,2379838.85833878
1661428800,0.0708473,0.0709952,0.0691527,0.0696128,1875254.15113606
1661436000,0.0696747,0.06981,0.0676536,0.0683272,1780206.11985662
1661443200,0.0683273,0.0687634,0.0679664,0.0685797,1993349.03915692
1661450400,0.0685234,0.0689282,0.0683093,0.0689282,5911618.345578901
1661457600,0.0688466,0.0693929,0.0688367,0.0690568,1116742.54792761
1661464800,0.0691311,0.0692068,0.0686645,0.0691724,1836803.93713435
1661472000,0.0689238,0.069002,0.0681911,0.0687261,512983.80130964
1661479200,0.0689283,0.0693757,0.0688719,0.069093,938121.46994579
1661486400,0.0691655,0.0691655,0.0674607,0.067777,2456374.85914037
1661493600,0.0679804,0.0680881,0.0672605,0.0679334,1217612.58155246
1661500800,0.0678957,0.0693393,0.0677584,0.0685716,1853559.27923342
1661508000,0.068563,0.068563,0.0666272,0.0675,1210067.35945188
1661515200,0.0674113,0.0695959,0.0673009,0.0689249,5625577.76923228
1661522400,0.0682217,0.0689667,0.065,0.0658951,8640925.61461379
1661529600,0.0657773,0.0660932,0.0651487,0.0654207,2257859.69364306
1661536800,0.0653379,0.0655078,0.0645,0.0654778,1420053.27396989
1661544000,0.0654276,0.0659056,0.0651569,0.0653259,831787.22336223
1661551200,0.065359,0.065468,0.0627081,0.0635307,4142899.18425178
1661558400,0.0635042,0.0641221,0.0633267,0.0638068,1734721.51174453
1661565600,0.0638725,0.0639768,0.0634084,0.0638393,1206440.72682644
1661572800,0.0638063,0.0638412,0.0622608,0.0631163,2136848.05440008
1661580000,0.0631351,0.0638166,0.0630996,0.0638166,492790.66668335
1661587200,0.0636525,0.063956,0.0636069,0.0637027,475516.63889519
1661594400,0.0637089,0.0641071,0.0636826,0.0637646,639114.51866892
1661601600,0.0637574,0.064,0.0633093,0.0638512,1357988.47861185
1661608800,0.0637108,0.0638563,0.0625136,0.0631359,1310262.87420286
1661616000,0.0631498,0.0633355,0.0623905,0.062929,664904.03531523
1661623200,0.0629484,0.0630648,0.0625076,0.0630648,215592.9230023
1661630400,0.0630964,0.0631959,0.0628149,0.0628167,62001.89572346
1661637600,0.0628405,0.0636886,0.0626722,0.0634219,1069600.99202416
1661644800,0.0635602,0.0638166,0.0631426,0.0637127,163256.97685556
1661652000,0.0637292,0.064189,0.0632976,0.0632976,392147.71417026
1661659200,0.0632585,0.0635679,0.0631332,0.0635679,562454.7126825
1661666400,0.0635488,0.0638793,0.0635311,0.0637701,900474.44685508
1661673600,0.0638057,0.0639456,0.0634782,0.0637923,1274305.62951761
1661680800,0.0637922,0.0642293,0.0635044,0.0638481,893320.95451747
1661688000,0.0639,0.0639,0.0632107,0.0634189,1673790.9633333
1661695200,0.0634121,0.0638358,0.063,0.0637592,1273588.210999
1661702400,0.0637911,0.0642283,0.0637474,0.0638326,1987703.40723041
1661709600,0.0638468,0.064298,0.0637835,0.0639105,479820.16016016
1661716800,0.0639504,0.0641037,0.0635,0.063614,2497303.50725506
1661724000,0.0636049,0.063742,0.0614399,0.06175,4305092.94728914
1661731200,0.0617355,0.0619733,0.0609317,0.0613655,2472686.70079381
1661738400,0.0613424,0.0619937,0.0613307,0.0619602,422446.08867446
1661745600,0.0619342,0.0619421,0.0614399,0.0614686,506706.9368042
1661752800,0.0614594,0.0619338,0.0614594,0.0617181,304268.01261965
1661760000,0.0617423,0.0617517,0.0613297,0.0617393,1151811.14674513
1661767200,0.0617977,0.0618377,0.0615235,0.0618377,698574.7285867
1661774400,0.0618328,0.0634235,0.0618328,0.0633907,3198382.9748995
1661781600,0.0631722,0.0641119,0.0631722,0.0634295,1444190.1983050199
1661788800,0.0634941,0.063639,0.0630623,0.0633552,1763834.40230913
1661796000,0.0633552,0.0633552,0.0628856,0.0631377,1183103.91571471
1661803200,0.0630678,0.0635112,0.0630678,0.0634491,504852.72277892
1661810400,0.0634946,0.0639696,0.06323,0.0638281,492406.30600846
1661817600,0.0638283,0.0642287,0.0633131,0.0633677,1399061.32498639
1661824800,0.063349,0.0635449,0.0632,0.0635449,759733.74163526
1661832000,0.0635481,0.06445,0.0635481,0.0639667,4737867.3581861
1661839200,0.0639436,0.0642384,0.0637418,0.0639874,495798.64557121997
1661846400,0.0642051,0.0642221,0.0638821,0.0639867,15633.7831662
1661853600,0.0639723,0.0641825,0.0636126,0.0638735,1841737.29735724
1661860800,0.0639204,0.0639204,0.0632179,0.0633432,2323392.9578254903
1661868000,0.0634004,0.0634004,0.0612453,0.0617602,2995950.312472
1661875200,0.0616486,0.0618837,0.0601438,0.0607245,4882207.32931371
1661882400,0.0607034,0.0621874,0.0606594,0.0615075,1158752.6981784499
1661889600,0.0615665,0.0620171,0.0612376,0.0615252,2940651.08503021
1661896800,0.0615328,0.0620757,0.0613602,0.06142,617469.9386539
1661904000,0.0615393,0.0627992,0.0615034,0.0624891,1260085.82571928
1661911200,0.0627992,0.0634242,0.062625,0.0632799,4835516.05945785
1661918400,0.0632498,0.0633089,0.0630086,0.0631207,1522965.09096035
1661925600,0.0631689,0.0633529,0.0625137,0.0626447,2935085.13501203
1661932800,0.0626829,0.0628265,0.0621924,0.0625622,600850.2515244
1661940000,0.0627006,0.0633387,0.0626973,0.0629397,519431.08122692
1661947200,0.062953,0.0632456,0.0625645,0.0628774,1056681.09083583
1661954400,0.0627046,0.0628417,0.0616074,0.0621688,2301223.39735158
1661961600,0.0621671,0.062192,0.0611119,0.0614089,2570369.27357621
1661968800,0.0613732,0.0620477,0.0612874,0.0618763,1937482.85215822
1661976000,0.0617344,0.062252,0.0616611,0.062252,219198.39550883
1661983200,0.06233,0.06233,0.0607827,0.0612767,1154430.91287956
1661990400,0.0613289,0.0617706,0.0606603,0.0616785,802360.43393748
1661997600,0.0616573,0.0617579,0.0603712,0.0606377,281795.89190313
1662004800,0.0607224,0.0611341,0.0606679,0.0609189,359897.18077876
1662012000,0.0609261,0.0609469,0.0598988,0.0602936,2290937.35073325
1662019200,0.0602815,0.0607257,0.060165,0.0607193,875091.79576431
1662026400,0.0607258,0.0615928,0.0606579,0.0615055,908999.01301211
1662033600,0.0615054,0.06158,0.0609452,0.0611278,2986938.26872417
1662040800,0.0610468,0.0617941,0.0602319,0.0611168,6142090.16409758
1662048000,0.0611175,0.0619289,0.0608283,0.0615518,1081653.11371276
1662055200,0.0615667,0.0621483,0.061471,0.0618257,374403.42647998
1662062400,0.0619974,0.0625848,0.0619974,0.0621926,957423.3844331399
1662069600,0.0621926,0.062438,0.0620729,0.062347,1319865.4684461
1662076800,0.0623457,0.0624057,0.0619645,0.0621014,1364525.12694406
1662084000,0.0621432,0.0627992,0.0618374,0.0625472,2233842.25007057
1662091200,0.0625148,0.0626347,0.062009,0.0621658,1687976.8680215
1662098400,0.0620539,0.0621692,0.0618805,0.0618805,1114901.35154212
1662105600,0.0620746,0.0620746,0.0617108,0.061918,1172370.56195091
1662112800,0.0619235,0.0620037,0.0611804,0.061553,1353185.65835784
1662120000,0.0616011,0.0626079,0.0613852,0.0623313,2141594.65433958
1662127200,0.062132,0.0628461,0.0621041,0.0624852,9815563.4727703
1662134400,0.0624762,0.0624933,0.0611029,0.0612938,3211146.988612
1662141600,0.0613464,0.0615508,0.0607825,0.0610513,1565590.97099086
1662148800,0.0610622,0.061457,0.0610505,0.0614277,109441.54479252
1662156000,0.0614277,0.0616617,0.0611424,0.0616617,1796874.53165651
1662163200,0.0616234,0.0617204,0.0615258,0.0616089,171189.23681371
1662170400,0.0616029,0.0616213,0.0613268,0.0613268,389664.98393959
1662177600,0.0614463,0.0640254,0.0614463,0.0628893,3489412.79782176
1662184800,0.0628264,0.0628264,0.0611866,0.0614162,1956547.01324136
1662192000,0.0614032,0.0618141,0.0613945,0.0618141,464096.92047193
1662199200,0.0618837,0.0621009,0.0618328,0.0618379,366370.56880664
1662206400,0.0618515,0.0630194,0.0618515,0.0628939,2791159.52997632
1662213600,0.0628784,0.0630058,0.0624292,0.0626586,1363770.00017803
1662220800,0.0626585,0.0628351,0.0623038,0.0626514,398639.36095677
1662228000,0.0626257,0.0626826,0.0615822,0.0620148,1092310.12765704
1662235200,0.0620333,0.0623871,0.0619903,0.0623301,259762.35681441
1662242400,0.0623359,0.0626957,0.0623359,0.0626754,370569.27814239997
1662249600,0.062714,0.062957,0.0625139,0.0626824,401936.57712226
1662256800,0.0627101,0.0630689,0.062474,0.0625314,162565.76157613
1662264000,0.062631,0.0628983,0.0623618,0.0625444,105458.99291464
1662271200,0.0626176,0.06268,0.0620979,0.0620979,390196.6202193
1662278400,0.0620715,0.0638279,0.062,0.063524,1037473.33263609
1662285600,0.0633553,0.0635417,0.0627188,0.0632887,506607.03169748
1662292800,0.0633611,0.0635975,0.062785,0.0628257,1136328.50360785
1662300000,0.062814,0.0632585,0.0626722,0.0632585,1130491.61324732
1662307200,0.0632397,0.0633434,0.0629336,0.0632907,1220462.34604461
1662314400,0.063297,0.0633227,0.0630869,0.0633053,976248.07992357
1662321600,0.0633053,0.0633482,0.0632217,0.0633482,395033.83405175
1662328800,0.0633264,0.0633264,0.0626451,0.0632178,1251967.07731973
1662336000,0.0632076,0.0637131,0.0631209,0.0631311,935314.38801026
1662343200,0.0631222,0.063183,0.0629353,0.0631212,606222.24101273
1662350400,0.0631877,0.0631877,0.0620721,0.0623,407345.05415932
1662357600,0.0622851,0.0623626,0.0618572,0.0619,1288257.36565983
1662364800,0.0619659,0.0620794,0.0616316,0.0620312,107186.9283762
1662372000,0.0620075,0.0621668,0.0609054,0.0615127,585221.14829774
1662379200,0.0615976,0.0619963,0.0614659,0.0619536,106309.19236967
1662386400,0.0619761,0.0624209,0.0619761,0.0623326,1611381.78361068
1662393600,0.0623299,0.0623909,0.0620569,0.0621568,730435.79858599
1662400800,0.0621699,0.06217,0.0617563,0.0619277,1201377.72497848
1662408000,0.0619276,0.062341,0.0619276,0.062341,4680347.0254723
1662415200,0.0623668,0.0630058,0.0621844,0.062695,2437822.11061126
1662422400,0.0628005,0.0650965,0.0627363,0.0629841,9026682.59524529
1662429600,0.0631118,0.0633157,0.0625136,0.0632542,1096450.88402632
1662436800,0.0633387,0.0635971,0.0631397,0.0633622,450016.80577768
1662444000,0.0635193,0.0637836,0.0632871,0.0633415,1878058.26842088
1662451200,0.0633437,0.0634007,0.062934,0.0631703,856943.96650785
1662458400,0.0631684,0.0634081,0.0630724,0.0632563,1103647.72692596
1662465600,0.0632795,0.063586,0.062132,0.0623828,2262486.47402294
1662472800,0.0620757,0.0628166,0.0618572,0.0626306,4794532.93951453
1662480000,0.0626036,0.06267,0.0592261,0.0598192,8008313.84853041
1662487200,0.059716,0.0597901,0.0582809,0.0591221,2972343.51700972
1662494400,0.0590459,0.0593124,0.0580285,0.0590876,3837495.87754177
1662501600,0.0590039,0.0593733,0.0588796,0.0588974,462935.70412586
1662508800,0.0587552,0.0589436,0.0580831,0.0586616,1847307.10323618
1662516000,0.0587291,0.0587291,0.0574196,0.0584306,3337146.29176042
1662523200,0.0584042,0.0588755,0.0583218,0.0588755,703301.18389654
1662530400,0.0588764,0.059237,0.0588133,0.0592101,1818819.8649907599
1662537600,0.0591968,0.0594343,0.0590903,0.0592933,1856756.8294750499
1662544800,0.0593781,0.0595186,0.0591447,0.0593244,2136067.98288543
1662552000,0.0593946,0.060591,0.0591502,0.0601546,3234476.95504413
1662559200,0.0600864,0.0602778,0.0598362,0.0600426,2308575.98222807
1662566400,0.0600426,0.0608353,0.0598794,0.0607623,1079608.75112735
1662573600,0.0608765,0.0609007,0.0604,0.0604548,2231140.09721615
1662580800,0.0604263,0.0615437,0.0604263,0.0610683,2768820.63089152
1662588000,0.0611603,0.0614036,0.0609697,0.0610674,5871429.62138467
1662595200,0.0610255,0.0613325,0.0607409,0.0607945,543370.02805528
1662602400,0.0608363,0.0609909,0.0607756,0.0609015,99001.72399497
1662609600,0.0609693,0.0611317,0.0607991,0.0608339,124424.23952684
1662616800,0.0609371,0.0611611,0.0601546,0.0604583,189903.22895374
1662624000,0.060401,0.0605645,0.0601634,0.0602665,868677.74350109
1662631200,0.0602902,0.060979,0.0602902,0.0607426,478936.10316709
1662638400,0.0607284,0.0607744,0.0596675,0.0605171,2796188.52679642
1662645600,0.0605285,0.0610989,0.0602319,0.0606489,1493685.04316964
1662652800,0.0605885,0.0605885,0.0601157,0.0603452,1413435.80412848
1662660000,0.0603133,0.060881,0.0601979,0.060881,2207252.90014953
1662667200,0.0608665,0.0614342,0.0606817,0.0607708,949057.98079109
1662674400,0.0608261,0.0610099,0.0607174,0.0609783,382076.27295275
1662681600,0.0609907,0.061757,0.0609222,0.0613177,414633.63356862
1662688800,0.0613352,0.0625,0.0613352,0.0622707,4380324.29798249
1662696000,0.062181,0.0632459,0.0621119,0.0629749,12154176.73817638
1662703200,0.0629758,0.0634747,0.0628055,0.0628099,6465476.9056161195
1662710400,0.0628204,0.0648433,0.0628204,0.0635334,2224309.21904634
1662717600,0.0634817,0.0640114,0.0629841,0.0639814,5201967.61006794
1662724800,0.0637882,0.064607,0.0631363,0.0634662,3608934.60481971
1662732000,0.0635506,0.0639472,0.0634162,0.0637115,367796.5460941
1662739200,0.0636821,0.0638632,0.0627776,0.0628208,5216203.1724094
1662746400,0.0628638,0.0633907,0.0626835,0.0632482,1908401.31149475
1662753600,0.0632623,0.0635701,0.0630407,0.0631401,2375209.92760221
1662760800,0.063123,0.0644207,0.0629223,0.0639206,606344.58153026
1662768000,0.0637683,0.064006,0.0631903,0.063678,167666.00129923
1662775200,0.0636854,0.0641673,0.0636298,0.0637899,541229.31772095
1662782400,0.0637754,0.064898,0.0637134,0.0643554,1603067.63527273
1662789600,0.0644494,0.064898,0.063277,0.063277,1321051.04346402
1662796800,0.0634855,0.0642374,0.0634855,0.0641396,1145067.20681028
1662804000,0.0640638,0.0641029,0.0637684,0.064011,5267460.9397068005
1662811200,0.064011,0.0643509,0.0635456,0.0638563,607146.58123901
1662818400,0.0638805,0.0640834,0.06364,0.0638942,2668610.82239466
1662825600,0.0638698,0.0644872,0.063688,0.0641748,1002953.79132067
1662832800,0.064164,0.0643313,0.0639919,0.0641672,1406214.21412681
1662840000,0.0642467,0.0644005,0.063775,0.0639959,1479413.78318498
1662847200,0.0642746,0.0655,0.0641556,0.0647306,5587414.65772079
1662854400,0.0646989,0.0653502,0.064667,0.0646671,1208203.46936096
1662861600,0.0647407,0.0648214,0.0642471,0.0642997,465984.23731695
1662868800,0.0644425,0.0644425,0.0639779,0.064158,578616.06680771
1662876000,0.0641727,0.0642032,0.0628958,0.0639179,393432.73049874
1662883200,0.0639485,0.0640568,0.06375,0.0637901,3384576.44378277
1662890400,0.0637728,0.0639956,0.0637728,0.0639348,160064.93356127
1662897600,0.063992,0.0646902,0.0637198,0.0639811,489067.28368555
1662904800,0.0641957,0.0644207,0.0636552,0.0642556,319532.44598082
1662912000,0.0642364,0.0647008,0.0641744,0.0641848,829277.25543541
1662919200,0.0641994,0.064218,0.0637618,0.0638464,4096515.82706638
1662926400,0.06386,0.0641109,0.0626722,0.0628654,1073830.40415513
1662933600,0.0628806,0.0638166,0.0628068,0.0637033,3734857.32216796
1662940800,0.0637089,0.0645314,0.0628822,0.0642013,525199.21599041
1662948000,0.0642504,0.0642753,0.0626722,0.06294,2528071.99091719
1662955200,0.0630564,0.0633037,0.0630564,0.0632335,89533.15447354
1662962400,0.0632363,0.0639179,0.0631248,0.0639179,734231.77789859
1662969600,0.0638492,0.0645617,0.0638129,0.064545,1293074.74585446
1662976800,0.0640339,0.0647463,0.0638405,0.0647463,965532.29416978
1662984000,0.0647554,0.0654379,0.0643253,0.0646007,1371307.05205914
1662991200,0.0645167,0.0647307,0.0632514,0.0633512,1375372.22813401
1662998400,0.0634241,0.0638757,0.0628822,0.0638757,1261951.56397374
1663005600,0.0636513,0.06405,0.0634894,0.063873,1569811.83945961
1663012800,0.0639083,0.0642372,0.0638039,0.0638775,979375.10646007
1663020000,0.0637919,0.0641054,0.0637062,0.0639575,2170614.90758039
1663027200,0.0639537,0.0639537,0.0629061,0.0632065,586192.22464952
1663034400,0.0631731,0.0636431,0.0627851,0.0636431,83348.72742119001
1663041600,0.0634996,0.0637122,0.0633771,0.0634741,351972.79924662
1663048800,0.0634767,0.063887,0.0633826,0.0637793,258269.90060304
1663056000,0.0637379,0.0638039,0.0633246,0.0633906,289228.56499956
1663063200,0.063409,0.0639999,0.0633277,0.0638954,913669.81279541
1663070400,0.0639229,0.0641,0.0605317,0.06065,15013003.18934265
1663077600,0.06065,0.0609507,0.0601546,0.0603135,1356371.11577104
1663084800,0.0602354,0.0606486,0.0601836,0.0606462,1080227.25588033
1663092000,0.060623,0.0606369,0.0592516,0.0601782,3102454.98112479
1663099200,0.0601809,0.0605101,0.05982,0.0602368,2005768.1720706
1663106400,0.0602688,0.0611077,0.0593032,0.0596351,3977210.12174998
1663113600,0.0596639,0.0602704,0.0592136,0.0601281,641589.04770341
1663120800,0.060164,0.0606666,0.060164,0.0605423,66406.51817265
1663128000,0.0605504,0.0607817,0.060531,0.0606709,89381.54455559999
1663135200,0.0605603,0.061497,0.0596675,0.0600674,613201.58755123
1663142400,0.0599908,0.060664,0.059892,0.0606034,243746.02917615
1663149600,0.0606176,0.0608766,0.0602561,0.0602694,454008.84002135
1663156800,0.0607012,0.0612985,0.0601546,0.0610072,371886.4858837
1663164000,0.060987,0.0611081,0.060539,0.0609445,3436642.24966801
1663171200,0.060851,0.0613455,0.0605428,0.0610499,2000703.51666272
1663178400,0.0611297,0.0611297,0.0600267,0.0609818,3179141.26347001
1663185600,0.0609932,0.0612903,0.0609145,0.0612051,2801914.87884552
1663192800,0.0613137,0.0614625,0.0610839,0.0611251,538981.97897087
1663200000,0.0611279,0.0611859,0.0604683,0.0608894,645116.11260465
1663207200,0.0608048,0.0608633,0.0596675,0.060193,3002426.30474434
1663214400,0.060222,0.0607258,0.0601671,0.0604518,758221.42488468
1663221600,0.0605134,0.0610963,0.0597371,0.060846,753554.321999
1663228800,0.060675,0.060675,0.060399,0.0605504,323015.9913947
1663236000,0.0605413,0.060593,0.0602319,0.0605391,54666.79598368
1663243200,0.0604812,0.0607892,0.060265,0.0605912,590582.9722671399
1663250400,0.0605926,0.060664,0.0586328,0.0587761,1942699.36606112
1663257600,0.0587828,0.0595134,0.0587062,0.059325,2364613.35829039
1663264800,0.0593904,0.0595195,0.0591401,0.0594269,603342.31401809
1663272000,0.059442,0.0597052,0.0594162,0.059537,274101.04090361
1663279200,0.0594,0.0594,0.0585173,0.0586025,961822.97851191
1663286400,0.0586315,0.05926,0.0581747,0.0589867,3351926.29290135
1663293600,0.0589617,0.0594429,0.0585623,0.0594429,157877.85420752
1663300800,0.0594519,0.0598513,0.0594519,0.0597163,3123505.81443895
1663308000,0.0594872,0.0596637,0.0594403,0.0594918,426262.2826999
1663315200,0.0594919,0.0597121,0.0590445,0.059674,1144715.47769445
1663322400,0.0596886,0.0600603,0.0595599,0.0600593,791434.92691495
1663329600,0.0599444,0.0599454,0.0589456,0.0589756,1516578.30028455
1663336800,0.0593312,0.0597914,0.0592173,0.0596644,628803.23844929
1663344000,0.0596092,0.0596092,0.0588346,0.0592812,1082443.82641544
1663351200,0.0592849,0.0597283,0.0591325,0.05963,1313634.49144528
1663358400,0.0596656,0.060062,0.0596656,0.0597127,881277.08357056
1663365600,0.0598297,0.0604442,0.0597689,0.0604432,402035.50770126
1663372800,0.0604481,0.0609321,0.06043,0.0608557,1501556.89366771
1663380000,0.0607266,0.0607963,0.0605042,0.0605581,126468.93133728
1663387200,0.0605719,0.060635,0.0602512,0.0602916,581101.82258421
1663394400,0.0604218,0.0605304,0.0602319,0.0604218,453862.33468317
1663401600,0.0605546,0.060876,0.0605546,0.0606781,390135.79917357
1663408800,0.0606828,0.0607624,0.0605546,0.0606959,142427.80311668
1663416000,0.0607201,0.0616101,0.0606413,0.0614819,1315201.89494103
1663423200,0.0614616,0.0622723,0.0614616,0.0622723,784126.52937413
1663430400,0.0622831,0.06251,0.06162,0.0623043,3981973.66556677
1663437600,0.0621492,0.0621492,0.061377,0.0616586,1117062.52259761
1663444800,0.0616583,0.0618465,0.0615585,0.0616636,209667.33201346
1663452000,0.0616637,0.0623297,0.0616637,0.0621989,417521.73481384
1663459200,0.0621619,0.0621619,0.061576,0.0618167,498266.4752805
1663466400,0.0617578,0.0619077,0.0612918,0.0613607,323970.95966395
1663473600,0.0613953,0.0616195,0.0613711,0.0615859,402144.86316932
1663480800,0.0615726,0.0616457,0.06141,0.0614284,1014221.7978034499
1663488000,0.0614275,0.0616033,0.0603742,0.0603742,2135206.98131145
1663495200,0.0604079,0.0609139,0.0604079,0.0607788,185939.30492122
1663502400,0.06075,0.06099,0.0605549,0.06099,227463.67755526002
1663509600,0.0609206,0.0609206,0.0603712,0.0605585,302746.18236547
1663516800,0.060544,0.0606613,0.0595459,0.0596435,3370944.14353682
1663524000,0.0596885,0.0599068,0.0594101,0.0598415,275951.50397114997
1663531200,0.0597743,0.0598287,0.0562061,0.0578819,3926827.38971686
1663538400,0.0577825,0.0578604,0.0569675,0.0573004,873470.4398192799
1663545600,0.0574661,0.0580963,0.0574661,0.0580284,133587.5436063
1663552800,0.0580949,0.0580949,0.0561607,0.0567949,2930347.9855884397
1663560000,0.0567638,0.0571001,0.0564712,0.0564814,448793.40095373
1663567200,0.0565736,0.0569,0.0558882,0.0564933,742544.45466481
1663574400,0.0565224,0.0565224,0.0559992,0.0563827,657432.63386865
1663581600,0.0563657,0.0568898,0.0562636,0.0568732,927234.84777482
1663588800,0.0568195,0.0577636,0.0568102,0.0576236,717903.79130577
1663596000,0.0576304,0.0580963,0.0574414,0.057625,2952758.2741894
1663603200,0.0575855,0.0577857,0.0571777,0.0573452,849917.79018311
1663610400,0.0573563,0.0584787,0.0573218,0.0584064,964871.6021538599
1663617600,0.0584378,0.0586513,0.0583249,0.058502,1866408.75009241
1663624800,0.0584817,0.0587564,0.0584127,0.0586595,265532.48906833
1663632000,0.0586229,0.0587997,0.0581742,0.0582721,602696.42250752
1663639200,0.0583129,0.0585802,0.057895,0.058579,736871.96060093
1663646400,0.0585698,0.0586441,0.0582648,0.0584598,1440610.96646938
1663653600,0.0584006,0.058997,0.0581709,0.0584436,1266259.35161056
1663660800,0.0584813,0.0585991,0.0582167,0.0582361,56977.50768503
1663668000,0.0581549,0.0585479,0.0580208,0.0582933,290900.68119958
1663675200,0.0583139,0.0583623,0.0576009,0.057962,561405.82430484
1663682400,0.058011,0.0606017,0.0579622,0.0601315,4877387.67390358
1663689600,0.0601559,0.0603463,0.0584281,0.0584281,756062.86153373
1663696800,0.0585223,0.0590573,0.0584516,0.0589053,2494288.7444405
1663704000,0.0589765,0.059207,0.0581095,0.0583543,2492010.94799961
1663711200,0.0582668,0.0585859,0.0580736,0.0583784,1022054.67302106
1663718400,0.0583926,0.0595415,0.058286,0.059177,751862.81439426
1663725600,0.0591485,0.0595349,0.0591484,0.0592127,360574.35676606
1663732800,0.0593086,0.0596612,0.0588675,0.0589533,421925.71800054
1663740000,0.0588741,0.0589962,0.0577875,0.0584595,598076.87635195
1663747200,0.0584803,0.0586517,0.0581614,0.0586165,1487568.5773511
1663754400,0.0586085,0.0589626,0.0585752,0.0589182,762951.76700601
1663761600,0.0588827,0.059103,0.0587404,0.0589554,192807.48263757
1663768800,0.0589702,0.0592369,0.058108,0.0583646,293041.28053453
1663776000,0.0583448,0.0594311,0.0583448,0.0593548,569494.06630809
1663783200,0.0594403,0.0608413,0.0577495,0.0585109,7799501.40315108
1663790400,0.0583734,0.0584446,0.0564555,0.0567937,3648834.39671733
1663797600,0.0567173,0.0573694,0.0561017,0.0573694,670159.02433772
1663804800,0.0573172,0.0573789,0.0568752,0.0573517,721058.13364137
1663812000,0.0573694,0.0575353,0.0573081,0.0574193,259050.43888856
1663819200,0.0574858,0.0577427,0.057436,0.0577165,499058.29235637
1663826400,0.0577402,0.0585519,0.0577076,0.0585313,1710712.90513411
1663833600,0.058555,0.0590574,0.0585549,0.0588609,1426982.82384267
1663840800,0.0588882,0.0594403,0.0588046,0.0593156,2764746.77301086
1663848000,0.0593096,0.0594842,0.0585942,0.0586473,1752894.39094448
1663855200,0.0585662,0.0591062,0.0585662,0.0590224,365823.82013825
1663862400,0.0590374,0.0593284,0.058545,0.0591246,889533.54561049
1663869600,0.0591289,0.0593531,0.0587564,0.0591188,1236752.73160555
1663876800,0.0590886,0.0593371,0.0589527,0.0591182,1191336.51281144
1663884000,0.0591572,0.06,0.0591572,0.0595854,2039351.58230998
1663891200,0.0596343,0.0604254,0.059525,0.0602311,111245.84943532001
1663898400,0.060231,0.0614476,0.0598139,0.0614476,1078959.0696352
1663905600,0.0614514,0.0626582,0.0610355,0.0616464,3560600.59094595
1663912800,0.0616819,0.0619115,0.0607204,0.0607455,439519.8304467
1663920000,0.0607365,0.0608739,0.0599866,0.0607012,698508.54314535
1663927200,0.0607473,0.0608548,0.0597985,0.0602484,387812.73057293997
1663934400,0.0601285,0.0614589,0.0595002,0.0595002,1555090.36502114
1663941600,0.0597197,0.0614359,0.0591551,0.0611458,2993777.79951577
1663948800,0.0612282,0.0619437,0.060406,0.0616127,1899677.81364017
1663956000,0.0616968,0.0642013,0.0612097,0.0636055,7407985.9567438
1663963200,0.0636223,0.0636577,0.0626217,0.0633517,3954159.22779272
1663970400,0.0634794,0.064,0.0631307,0.0633752,2165341.43769961
1663977600,0.0634961,0.067458,0.0629237,0.0668839,7200405.9701652
1663984800,0.0669896,0.0682898,0.0657582,0.0659462,4660436.61301319
1663992000,0.0659463,0.0666653,0.0655269,0.0657926,4002982.25008495
1663999200,0.0659871,0.0664684,0.0651716,0.0654251,1639408.0685531
1664006400,0.0652268,0.0658026,0.064732,0.0656651,1325016.34076243
1664013600,0.065602,0.0667346,0.0653493,0.065608,3771420.66406243
1664020800,0.0656449,0.0663576,0.0651443,0.0656434,1875790.10478462
1664028000,0.0656252,0.0666216,0.0653111,0.0659652,2762989.82338796
1664035200,0.0660539,0.0660539,0.0652192,0.0652192,3934664.18113284
1664042400,0.0652462,0.0652462,0.0641054,0.0641595,2906816.49035104
1664049600,0.0641966,0.0645775,0.0632069,0.0634878,2762054.20617367
1664056800,0.0634662,0.0634662,0.06224,0.0631756,3078231.21462429
1664064000,0.0630635,0.063362,0.0627197,0.0630184,408473.8782249
1664071200,0.0630165,0.063355,0.0625172,0.063355,1040878.84071773
1664078400,0.063362,0.0636291,0.0625802,0.0628959,713768.69888729
1664085600,0.0628707,0.0633037,0.062782,0.063011,238638.04227839
1664092800,0.0631229,0.0631241,0.0626089,0.0627614,809258.51205726
1664100000,0.0628186,0.0629486,0.0623486,0.0629486,1639811.57387112
1664107200,0.0628888,0.063807,0.0615698,0.0619812,6843301.0587575
1664114400,0.0621017,0.0623765,0.0615564,0.0623195,3181474.4692007
1664121600,0.0622989,0.0626164,0.0612149,0.0620997,2523985.71689405
1664128800,0.0620681,0.0622391,0.0617516,0.0617753,1362564.02839918
1664136000,0.0617511,0.0619878,0.0606,0.0606,2301001.30229172
1664143200,0.0606122,0.0613173,0.0600864,0.0612736,2718695.72888639
1664150400,0.0610086,0.0616854,0.0608067,0.0615805,1730479.1860821801
1664157600,0.0615332,0.0618734,0.0611481,0.0612524,609840.81412743
1664164800,0.0613427,0.0616283,0.0606079,0.0609963,843827.61317722
1664172000,0.0609367,0.0609367,0.05983,0.0607286,1093491.36305844
1664179200,0.0607765,0.0617353,0.0607303,0.0611255,1031097.43492702
1664186400,0.061141,0.061141,0.0600968,0.0603206,532689.11391843
1664193600,0.0604323,0.0612968,0.0603168,0.0612115,478525.98728618
1664200800,0.06133,0.0613623,0.0608329,0.0610501,291595.96196005
1664208000,0.060987,0.0610508,0.0604254,0.0606985,1139630.61555576
1664215200,0.0606985,0.0611441,0.0606985,0.0609312,2591373.25100908
1664222400,0.0609713,0.061387,0.0604792,0.0604905,2205364.88424685
1664229600,0.0604905,0.0611523,0.0603659,0.0611333,656164.38920735
1664236800,0.0611249,0.0622763,0.0609912,0.062102,3703549.04362979
1664244000,0.0620947,0.062733,0.0618746,0.0624931,1829557.08928976
1664251200,0.0624931,0.0626142,0.062132,0.0623579,637594.43467582
1664258400,0.0623821,0.0630125,0.0623821,0.0627033,1051605.19189687
1664265600,0.0627011,0.0627586,0.0619091,0.0620334,805626.6183398
1664272800,0.0620101,0.0625297,0.0619872,0.0624876,2011567.72434048
1664280000,0.0622579,0.0629033,0.0621139,0.0624226,2050970.94325908
1664287200,0.0623618,0.0626379,0.0618753,0.0618753,1628351.88188596
1664294400,0.0617919,0.0618725,0.0599336,0.0601335,1972247.50566338
1664301600,0.0601458,0.0604609,0.0597718,0.0604609,913785.52453096
1664308800,0.0604207,0.0605182,0.0602025,0.06046,901186.84723371
1664316000,0.060448,0.0606709,0.060252,0.0605543,40071.02611021
1664323200,0.0606,0.0609075,0.0595701,0.0598324,1310589.50497992
1664330400,0.0598144,0.0599157,0.058624,0.0593759,2325636.02934222
1664337600,0.0593134,0.0595089,0.0592372,0.0594304,796924.32120748
1664344800,0.0595316,0.0596011,0.0590772,0.0595341,1500760.72218945
1664352000,0.0595665,0.0596096,0.059299,0.0593951,1040404.99394266
1664359200,0.0593951,0.0598281,0.0593407,0.0597857,490747.11448086
1664366400,0.059847,0.0605079,0.059847,0.0605079,1237882.3090051399
1664373600,0.060341,0.060834,0.0601249,0.0607981,753288.07684103
1664380800,0.0607982,0.0610682,0.06024,0.0604716,1138887.26331396
1664388000,0.0604748,0.0609722,0.0604748,0.0608833,457128.6490421
1664395200,0.0607573,0.061054,0.0607351,0.0607351,1075071.29478523
1664402400,0.0607099,0.0608248,0.0604195,0.0605521,140014.10344064
1664409600,0.0606,0.0609259,0.0602943,0.0609259,824574.5064528501
1664416800,0.0607607,0.0607817,0.0603712,0.0607565,405433.91059784
1664424000,0.0607807,0.061028,0.0604827,0.0606309,130244.71195806
1664431200,0.0605277,0.0605551,0.0599779,0.060031,235590.86581724
1664438400,0.0600728,0.0604827,0.0599814,0.0604827,73608.12419056
1664445600,0.0603468,0.0605,0.0601855,0.0604221,207292.78476468
1664452800,0.0604222,0.0604222,0.0595,0.0596696,828137.71879402
1664460000,0.0595834,0.0601053,0.0593066,0.0600843,1579125.05370121
1664467200,0.0600939,0.0603664,0.0598198,0.0598767,483985.62088747
1664474400,0.0598766,0.0600768,0.059778,0.0600491,1471003.40922366
1664481600,0.0601276,0.0605114,0.0601203,0.0602964,429651.63197634
1664488800,0.0604094,0.0608012,0.0602578,0.0608012,822223.19608458
1664496000,0.0609139,0.0609861,0.060297,0.0606591,587697.13202193
1664503200,0.0607665,0.0607735,0.060251,0.0603735,559909.04751664
1664510400,0.0603943,0.0608466,0.0603943,0.0605793,466414.29055518
1664517600,0.060747,0.0610263,0.0605771,0.0609048,205650.56054915
1664524800,0.0609217,0.060978,0.060704,0.0607475,485253.41952062
1664532000,0.0607572,0.0609774,0.0600924,0.0602958,813749.32034526
1664539200,0.0603,0.0605793,0.0596323,0.060437,3771049.60903241
1664546400,0.0603944,0.0616837,0.0603264,0.0607953,3213405.19104903
1664553600,0.0607644,0.0608363,0.0601546,0.0605121,942476.8968918601
1664560800,0.060441,0.0607928,0.0601783,0.060312,1741795.18860485
1664568000,0.0602859,0.062,0.0601593,0.0612647,4150543.21054088
1664575200,0.0611141,0.0622489,0.0607777,0.0616278,3638770.49486532
